timestamp,pH,TDS,turbidity,temperature,EC,DO
2024-01-01,7.0,347,1.4,21.8,474,7.3
2024-01-02,7.1,348,1.5,22.0,476,7.4
2024-01-03,7.2,349,1.5,22.3,479,7.5
2024-01-04,7.3,350,1.6,21.9,481,7.6
2024-01-05,7.4,352,1.4,22.1,484,7.7
2024-01-06,7.0,353,1.5,22.3,486,7.3
2024-01-07,7.1,354,1.5,22.0,477,7.4
2024-01-08,7.2,348,1.6,22.2,479,7.4
2024-01-09,7.3,350,1.4,22.4,482,7.5
2024-01-10,7.4,351,1.5,22.1,484,7.6
2024-01-11,7.0,352,1.5,22.3,487,7.2
2024-01-12,7.1,353,1.6,22.5,489,7.3
2024-01-13,7.2,355,1.4,22.1,480,7.4
2024-01-14,7.3,356,1.5,22.4,482,7.5
2024-01-15,7.4,350,1.5,22.6,485,7.6
2024-01-16,7.0,351,1.6,22.2,487,7.2
2024-01-17,7.1,353,1.4,22.4,490,7.3
2024-01-18,7.2,354,1.5,22.7,492,7.4
2024-01-19,7.3,355,1.6,22.3,483,7.4
2024-01-20,7.4,356,1.6,22.5,485,7.5
2024-01-21,7.0,358,1.5,22.8,488,7.1
2024-01-22,7.1,352,1.5,22.4,490,7.2
2024-01-23,7.2,353,1.6,22.6,493,7.3
2024-01-24,7.3,354,1.6,22.8,495,7.4
2024-01-25,7.4,356,1.5,22.5,486,7.5
2024-01-26,7.0,357,1.5,22.7,488,7.1
2024-01-27,7.1,358,1.6,22.9,491,7.2
2024-01-28,7.2,359,1.6,22.6,493,7.3
2024-01-29,7.3,354,1.5,22.8,496,7.4
2024-01-30,7.4,355,1.5,23.0,498,7.5
2024-01-31,7.0,356,1.6,22.6,489,7.0
2024-02-01,7.1,357,1.6,22.9,491,7.1
2024-02-02,7.2,359,1.5,23.1,494,7.2
2024-02-03,7.3,360,1.5,22.7,496,7.3
2024-02-04,7.4,361,1.6,22.9,499,7.4
2024-02-05,7.0,355,1.6,23.2,501,7.0
2024-02-06,7.1,357,1.5,22.8,492,7.1
2024-02-07,7.2,358,1.6,23.0,494,7.2
2024-02-08,7.3,359,1.6,23.3,497,7.3
2024-02-09,7.4,360,1.7,22.9,499,7.4
2024-02-10,7.0,362,1.5,23.1,502,7.0
2024-02-11,7.1,363,1.6,23.3,504,7.1
2024-02-12,7.2,357,1.6,23.0,495,7.2
2024-02-13,7.3,358,1.7,23.2,497,7.2
2024-02-14,7.4,360,1.5,23.4,500,7.3
2024-02-15,7.0,361,1.6,23.1,502,6.9
2024-02-16,7.1,362,1.6,23.3,505,7.0
2024-02-17,7.2,363,1.7,23.5,507,7.1
2024-02-18,7.3,365,1.5,23.1,498,7.2
2024-02-19,7.4,359,1.6,23.4,500,7.3
2024-02-20,7.0,360,1.6,23.6,503,6.9
2024-02-21,7.1,361,1.7,23.2,505,7.0
2024-02-22,7.2,363,1.5,23.4,508,7.1
2024-02-23,7.3,364,1.6,23.7,510,7.2
2024-02-24,7.4,365,1.6,23.3,501,7.2
2024-02-25,7.0,366,1.7,23.5,503,6.8
2024-02-26,7.1,361,1.6,23.8,506,6.9
2024-02-27,7.2,362,1.6,23.4,508,7.0
2024-02-28,7.3,363,1.7,23.6,511,7.1
2024-02-29,7.4,364,1.7,23.8,513,7.2
2024-03-01,7.0,366,1.6,23.5,504,6.8
2024-03-02,7.1,367,1.6,23.7,506,6.9
2024-03-03,7.2,368,1.7,23.9,509,7.0
2024-03-04,7.3,362,1.7,23.6,511,7.1
2024-03-05,7.4,364,1.6,23.8,514,7.2
2024-03-06,7.0,365,1.6,24.0,516,6.8
2024-03-07,7.1,366,1.7,23.6,507,6.9
2024-03-08,7.2,367,1.7,23.9,509,6.9
2024-03-09,7.3,369,1.6,24.1,512,7.0
2024-03-10,7.4,370,1.6,23.7,514,7.1
2024-03-11,7.0,364,1.7,23.9,517,6.7
2024-03-12,7.1,365,1.7,24.2,519,6.8
2024-03-13,7.2,367,1.6,23.8,510,6.9
2024-03-14,7.3,368,1.7,24.0,512,7.0
2024-03-15,7.4,369,1.7,24.3,515,7.1
2024-03-16,7.0,370,1.8,23.9,517,6.7
2024-03-17,7.1,372,1.6,24.1,520,6.8
2024-03-18,7.2,366,1.7,24.3,522,6.9
2024-03-19,7.3,367,1.7,24.0,513,6.9
2024-03-20,7.4,368,1.8,24.2,515,7.0
2024-03-21,7.0,370,1.6,24.4,518,6.6
2024-03-22,7.1,371,1.7,24.1,520,6.7
2024-03-23,7.2,372,1.7,24.3,523,6.8
2024-03-24,7.3,373,1.8,24.5,525,6.9
2024-03-25,7.4,368,1.6,24.1,516,7.0
2024-03-26,7.0,369,1.7,24.4,518,6.6
2024-03-27,7.1,370,1.7,24.6,521,6.7
2024-03-28,7.2,371,1.8,24.2,523,6.8
2024-03-29,7.3,373,1.6,24.4,526,6.9
2024-03-30,7.4,374,1.7,24.7,528,7.0
2024-03-31,7.0,375,1.8,24.3,519,6.5
2024-04-01,7.2,369,1.8,24.5,521,6.6
2024-04-02,7.3,371,1.7,24.8,524,6.7
2024-04-03,7.4,372,1.7,24.4,526,6.8
2024-04-04,7.5,373,1.8,24.6,529,6.9
2024-04-05,7.1,374,1.8,24.8,531,6.5
2024-04-06,7.2,376,1.7,24.5,522,6.6
2024-04-07,7.3,377,1.7,24.7,524,6.7
2024-04-08,7.4,371,1.8,24.9,527,6.8
2024-04-09,7.5,372,1.8,24.6,529,6.9
2024-04-10,7.1,374,1.7,24.8,532,6.5
2024-04-11,7.2,375,1.7,25.0,534,6.6
2024-04-12,7.3,376,1.8,24.6,525,6.7
2024-04-13,7.4,377,1.8,24.9,527,6.7
2024-04-14,7.5,379,1.7,25.1,530,6.8
2024-04-15,7.1,373,1.7,24.7,532,6.4
2024-04-16,7.2,374,1.8,24.9,535,6.5
2024-04-17,7.3,375,1.8,25.2,537,6.6
2024-04-18,7.4,377,1.7,24.8,528,6.7
2024-04-19,7.5,378,1.8,25.0,530,6.8
2024-04-20,7.1,379,1.8,25.3,533,6.4
2024-04-21,7.2,380,1.9,24.9,535,6.5
2024-04-22,7.3,375,1.7,25.1,538,6.6
2024-04-23,7.4,376,1.8,25.3,540,6.7
2024-04-24,7.5,377,1.8,25.0,531,6.8
2024-04-25,7.1,378,1.9,25.2,533,6.3
2024-04-26,7.2,380,1.7,25.4,536,6.4
2024-04-27,7.3,381,1.8,25.1,538,6.5
2024-04-28,7.4,382,1.8,25.3,541,6.6
2024-04-29,7.5,376,1.9,25.5,543,6.7
2024-04-30,7.1,378,1.7,25.1,534,6.3
2024-05-01,7.2,379,1.8,25.4,536,6.4
2024-05-02,7.3,380,1.8,25.6,539,6.5
2024-05-03,7.4,381,1.9,25.2,541,6.6
2024-05-04,7.5,383,1.7,25.4,544,6.7
2024-05-05,7.1,384,1.8,25.7,546,6.3
2024-05-06,7.2,378,1.9,25.3,537,6.4
2024-05-07,7.3,379,1.9,25.5,539,6.4
2024-05-08,7.4,381,1.8,25.8,542,6.5
2024-05-09,7.5,382,1.8,25.4,544,6.6
2024-05-10,7.1,383,1.9,25.6,547,6.2
2024-05-11,7.2,384,1.9,25.8,549,6.3
2024-05-12,7.3,386,1.8,25.5,540,6.4
2024-05-13,7.4,380,1.8,25.7,542,6.5
2024-05-14,7.5,381,1.9,25.9,545,6.6
2024-05-15,7.1,382,1.9,25.6,547,6.2
2024-05-16,7.2,384,1.8,25.8,550,6.3
2024-05-17,7.3,385,1.8,26.0,552,6.4
2024-05-18,7.4,386,1.9,25.6,543,6.4
2024-05-19,7.5,387,1.9,25.9,545,6.5
2024-05-20,7.1,382,1.8,26.1,548,6.1
2024-05-21,7.2,383,1.8,25.7,550,6.2
2024-05-22,7.3,384,1.9,25.9,553,6.3
2024-05-23,7.4,385,1.9,26.2,555,6.4
2024-05-24,7.5,387,1.8,25.8,546,6.5
2024-05-25,7.1,388,1.9,26.0,548,6.1
2024-05-26,7.2,389,1.9,26.3,551,6.2
2024-05-27,7.3,383,2.0,25.9,553,6.3
2024-05-28,7.4,385,1.8,26.1,556,6.4
2024-05-29,7.5,386,1.9,26.3,558,6.5
2024-05-30,7.1,387,1.9,26.0,549,6.0
2024-05-31,7.2,388,2.0,26.2,551,6.1
2024-06-01,7.3,390,1.8,26.4,554,6.2
2024-06-02,7.4,391,1.9,26.1,556,6.3
2024-06-03,7.5,385,1.9,26.3,559,6.4
2024-06-04,7.1,386,2.0,26.5,561,6.0
2024-06-05,7.2,388,1.8,26.1,552,6.1
2024-06-06,7.3,389,1.9,26.4,554,6.2
2024-06-07,7.4,390,1.9,26.6,557,6.3
2024-06-08,7.5,391,2.0,26.2,559,6.4
2024-06-09,7.1,393,1.8,26.4,562,6.0
2024-06-10,7.2,387,1.9,26.7,564,6.1
2024-06-11,7.3,388,1.9,26.3,555,6.2
2024-06-12,7.4,389,2.0,26.5,557,6.2
2024-06-13,7.5,391,1.9,26.8,560,6.3
2024-06-14,7.1,392,1.9,26.4,562,5.9
2024-06-15,7.2,393,2.0,26.6,565,6.0
2024-06-16,7.3,394,2.0,26.8,567,6.1
2024-06-17,7.4,389,1.9,26.5,558,6.2
2024-06-18,7.5,390,1.9,26.7,560,6.3
2024-06-19,7.1,391,2.0,26.9,563,5.9
2024-06-20,7.2,392,2.0,26.6,565,6.0
2024-06-21,7.3,394,1.9,26.8,568,6.1
2024-06-22,7.4,395,1.9,27.0,570,6.2
2024-06-23,7.5,396,2.0,26.6,561,6.2
2024-06-24,7.1,390,2.0,26.9,563,5.8
2024-06-25,7.2,392,1.9,27.1,566,5.9
2024-06-26,7.3,393,1.9,26.7,568,6.0
2024-06-27,7.4,394,2.0,26.9,571,6.1
2024-06-28,7.5,395,2.0,27.2,573,6.2
2024-06-29,7.1,397,1.9,26.8,564,5.8
2024-06-30,7.2,398,1.9,27.0,566,5.9
2024-07-01,7.3,392,2.0,27.1,569,6.0
2024-07-02,7.4,393,2.0,26.7,571,6.1
2024-07-03,7.5,395,1.9,26.9,574,6.2
2024-07-04,7.1,396,1.9,27.1,576,5.8
2024-07-05,7.2,397,2.0,26.6,567,6.0
2024-07-06,7.3,398,2.0,26.8,569,6.1
2024-07-07,7.4,400,1.9,27.0,572,6.2
2024-07-08,7.5,394,1.9,26.6,574,6.3
2024-07-09,7.1,395,2.0,26.7,577,5.9
2024-07-10,7.2,396,2.0,26.9,579,6.0
2024-07-11,7.3,398,1.9,26.5,570,6.1
2024-07-12,7.4,399,1.9,26.6,572,6.2
2024-07-13,7.5,400,2.0,26.8,575,6.3
2024-07-14,7.1,401,2.0,26.4,577,5.9
2024-07-15,7.2,396,1.9,26.6,580,6.0
2024-07-16,7.3,397,1.9,26.7,582,6.1
2024-07-17,7.4,398,1.9,26.3,573,6.2
2024-07-18,7.5,399,2.0,26.5,575,6.4
